Workbook
Name Table1: Table2[]

Sheet Main DataSet
A1: Transaction ID | B1: Customer ID | C1: Customer Name | D1: Account Number | E1: Region | F1: City | G1: Branch Name | H1: Account Type | I1: Transaction Type | J1: Transaction Amount | K1: Payment Mode | L1: Transaction Date | M1: Transaction Status | N1: Balance After Txn | O1: Is Fraud | P1: Year | Q1: Month | R1: year_month
A2: c906d56a-71d8-4309-80aa-8a668e6dd338 | B2: 989374 | C2: Indali Dhingra | D2: 748642976223 | E2: Central | F2: Indore | G2: Indore Branch | H2: Fixed Deposit | I2: Cheque | J2: 489850.94 | K2: UPI | L2: 45756 | M2: Completed | N2: 2330149 | O2: No | P2: =YEAR('Main DataSet'!$L2) -> 2025 | Q2: =MONTH('Main DataSet'!$L2) -> 4 | R2: =TEXT('Main DataSet'!$L2,"MM-YYYY") -> 04-2025
A3: bdbca5a9-5d6f-4b32-8e2d-c1ec810a57b1 | B3: 945035 | C3: Siya Kala | D3: 163745963749 | E3: East | F3: Guwahati | G3: Guwahati Branch | H3: Recurring Deposit | I3: Cheque | J3: 427397.73 | K3: Credit Card | L3: 45228 | M3: Completed | N3: 1668521.7 | O3: No | P3: =YEAR('Main DataSet'!$L3) -> 2023 | Q3: =MONTH('Main DataSet'!$L3) -> 10 | R3: =TEXT('Main DataSet'!$L3,"MM-YYYY") -> 10-2023
A4: 1da2b6df-97ce-4e21-8661-e764b63e2541 | B4: 934360 | C4: Tejas Rajan | D4: 193406494234 | E4: West | F4: Ahmedabad | G4: Ahmedabad Branch | H4: Fixed Deposit | I4: Withdrawal | J4: 110664.95 | K4: Net Banking | L4: 45373 | M4: Completed | N4: 853196.48 | O4: No | P4: =YEAR('Main DataSet'!$L4) -> 2024 | Q4: =MONTH('Main DataSet'!$L4) -> 3 | R4: =TEXT('Main DataSet'!$L4,"MM-YYYY") -> 03-2024
A5: 30ec4db1-c1da-4e6d-a17b-8ac3ed248b37 | B5: 570696 | C5: Charita Oza | D5: 170817762643 | E5: West | F5: Pune | G5: Pune Branch | H5: Recurring Deposit | I5: Cheque | J5: 121505.31 | K5: UPI | L5: 45646 | M5: Completed | N5: 926115.92 | O5: No | P5: =YEAR('Main DataSet'!$L5) -> 2024 | Q5: =MONTH('Main DataSet'!$L5) -> 12 | R5: =TEXT('Main DataSet'!$L5,"MM-YYYY") -> 12-2024
A6: 7e2c42ab-e97b-4765-84cc-7615869642b7 | B6: 975319 | C6: Daksh Thaman | D6: 319075165406 | E6: Central | F6: Bhopal | G6: Bhopal Branch | H6: Fixed Deposit | I6: Deposit | J6: 11528.19 | K6: Debit Card | L6: 45506 | M6: Pending | N6: 534430.58 | O6: No | P6: =YEAR('Main DataSet'!$L6) -> 2024 | Q6: =MONTH('Main DataSet'!$L6) -> 8 | R6: =TEXT('Main DataSet'!$L6,"MM-YYYY") -> 08-2024
A7: f6c20666-e23c-41bb-a870-4d16c7379d68 | B7: 895736 | C7: Zarna Mammen | D7: 253605159009 | E7: Central | F7: Bhopal | G7: Bhopal Branch | H7: Recurring Deposit | I7: Online Transfer | J7: 458663.48 | K7: Debit Card | L7: 45453 | M7: Completed | N7: 2011952.2 | O7: No | P7: =YEAR('Main DataSet'!$L7) -> 2024 | Q7: =MONTH('Main DataSet'!$L7) -> 6 | R7: =TEXT('Main DataSet'!$L7,"MM-YYYY") -> 06-2024
A8: 6c238a7e-487a-419c-895f-95878bc1a52c | B8: 390841 | C8: Ranveer Wable | D8: 945930618441 | E8: Central | F8: Raipur | G8: Raipur Branch | H8: Fixed Deposit | I8: Online Transfer | J8: 294460.92 | K8: Net Banking | L8: 45577 | M8: Completed | N8: 1713155.1 | O8: No | P8: =YEAR('Main DataSet'!$L8) -> 2024 | Q8: =MONTH('Main DataSet'!$L8) -> 10 | R8: =TEXT('Main DataSet'!$L8,"MM-YYYY") -> 10-2024
A9: bc35e5f4-7c5e-4606-aa23-6d21f8fdc00e | B9: 538077 | C9: Janya Oommen | D9: 960946735259 | E9: West | F9: Surat | G9: Surat Branch | H9: Recurring Deposit | I9: Cheque | J9: 70209.02 | K9: Debit Card | L9: 45436 | M9: Completed | N9: 1053966.9 | O9: No | P9: =YEAR('Main DataSet'!$L9) -> 2024 | Q9: =MONTH('Main DataSet'!$L9) -> 5 | R9: =TEXT('Main DataSet'!$L9,"MM-YYYY") -> 05-2024
A10: e6d3886e-aca3-43c0-bf91-e8d20f87eca1 | B10: 536413 | C10: Pranav Sarraf | D10: 920065850736 | E10: North | F10: Amritsar | G10: Amritsar Branch | H10: Current | I10: Cheque | J10: 305297.37 | K10: Credit Card | L10: 45531 | M10: Completed | N10: 2242547.9 | O10: No | P10: =YEAR('Main DataSet'!$L10) -> 2024 | Q10: =MONTH('Main DataSet'!$L10) -> 8 | R10: =TEXT('Main DataSet'!$L10,"MM-YYYY") -> 08-2024
A11: e3a56d54-c6b9-40fb-affd-049c92df79ce | B11: 706008 | C11: Arunima Andra | D11: 246399826650 | E11: Central | F11: Raipur | G11: Raipur Branch | H11: Savings | I11: Deposit | J11: 79976.37 | K11: Credit Card | L11: 45273 | M11: Completed | N11: 1766313.5 | O11: No | P11: =YEAR('Main DataSet'!$L11) -> 2023 | Q11: =MONTH('Main DataSet'!$L11) -> 12 | R11: =TEXT('Main DataSet'!$L11,"MM-YYYY") -> 12-2023
A12: f6d81624-e6e6-42d1-8653-88f03bbfb88b | B12: 615941 | C12: Anusha Parmar | D12: 269059820502 | E12: West | F12: Nagpur | G12: Nagpur Branch | H12: Current | I12: Cheque | J12: 426427.56 | K12: Debit Card | L12: 45121 | M12: Completed | N12: 836675.46 | O12: No | P12: =YEAR('Main DataSet'!$L12) -> 2023 | Q12: =MONTH('Main DataSet'!$L12) -> 7 | R12: =TEXT('Main DataSet'!$L12,"MM-YYYY") -> 07-2023
A13: ab65a169-4325-491e-9d38-48ef43acc5e5 | B13: 565614 | C13: Utkarsh Narain | D13: 682739590821 | E13: West | F13: Ahmedabad | G13: Ahmedabad Branch | H13: Fixed Deposit | I13: Cheque | J13: 484637.66 | K13: Net Banking | L13: 45485 | M13: Pending | N13: 1552234 | O13: No | P13: =YEAR('Main DataSet'!$L13) -> 2024 | Q13: =MONTH('Main DataSet'!$L13) -> 7 | R13: =TEXT('Main DataSet'!$L13,"MM-YYYY") -> 07-2024
... A501: d693559f-22c7-4d70-b7d7-1a57dc0eca8e | B501: 429704 | C501: Tristan Brar | D501: 127631697094 | E501: Central | F501: Gwalior | G501: Gwalior Branch | H501: Current | I501: Deposit | J501: 140084.77 | K501: Net Banking | L501: 45842 | M501: Completed | N501: 1217164.4 | O501: No | P501: =YEAR('Main DataSet'!$L501) -> 2025 | Q501: =MONTH('Main DataSet'!$L501) -> 7 | R501: =TEXT('Main DataSet'!$L501,"MM-YYYY") -> 07-2025
